{
  "name": "Airport Icon",
  "description": "订阅频道：https://t.me/ing_chl",
  "icons": [
    {"name": "000ingchl", "url": "https://raw.githubusercontent.com/sunfing/iNg/main/Icons/AirportIcons/000ingchl.png"},
    {"name": "001LaoWang", "url": "https://raw.githubusercontent.com/sunfing/iNg/main/Icons/AirportIcons/001LaoWang.png"},
    {"name": "002LanDeng", "url": "https://raw.githubusercontent.com/sunfing/iNg/main/Icons/AirportIcons/002LanDeng.png"},
    {"name": "003KuaiLian", "url": "https://raw.githubusercontent.com/sunfing/iNg/main/Icons/AirportIcons/003KuaiLian.png"},
    {"name": "ACA", "url": "https://raw.githubusercontent.com/sunfing/iNg/main/Icons/AirportIcons/ACA.png"},
    {"name": "ACA1", "url": "https://raw.githubusercontent.com/sunfing/iNg/main/Icons/AirportIcons/ACA1.png"},
    {"name": "ACAXQC", "url": "https://raw.githubusercontent.com/sunfing/iNg/main/Icons/AirportIcons/ACAXQC.png"},
    {"name": "ACAXQC1", "url": "https://raw.githubusercontent.com/sunfing/iNg/main/Icons/AirportIcons/ACAXQC1.png"},
    {"name": "Aladdin", "url": "https://raw.githubusercontent.com/sunfing/iNg/main/Icons/AirportIcons/Aladdin.png"},
    {"name": "AmyTelecom", "url": "https://raw.githubusercontent.com/sunfing/iNg/main/Icons/AirportIcons/AmyTelecom.png"},
    {"name": "BKCloud", "url": "https://raw.githubusercontent.com/sunfing/iNg/main/Icons/AirportIcons/BKCloud.png"},
    {"name": "BeiKe", "url": "https://raw.githubusercontent.com/sunfing/iNg/main/Icons/AirportIcons/BeiKe.png"},
    {"name": "Bitz", "url": "https://raw.githubusercontent.com/sunfing/iNg/main/Icons/AirportIcons/Bitz.png"},
    {"name": "CTC", "url": "https://raw.githubusercontent.com/sunfing/iNg/main/Icons/AirportIcons/CTC.png"},
    {"name": "CTC1", "url": "https://raw.githubusercontent.com/sunfing/iNg/main/Icons/AirportIcons/CTC1.png"},
    {"name": "CTC2", "url": "https://raw.githubusercontent.com/sunfing/iNg/main/Icons/AirportIcons/CTC2.png"},
    {"name": "CatCloud", "url": "https://raw.githubusercontent.com/sunfing/iNg/main/Icons/AirportIcons/CatCloud.png"},
    {"name": "CatCloud1", "url": "https://raw.githubusercontent.com/sunfing/iNg/main/Icons/AirportIcons/CatCloud1.png"},
    {"name": "CloudFisher", "url": "https://raw.githubusercontent.com/sunfing/iNg/main/Icons/AirportIcons/CloudFisher.png"},
    {"name": "DegYax", "url": "https://raw.githubusercontent.com/sunfing/iNg/main/Icons/AirportIcons/DegYax.png"},
    {"name": "Dler", "url": "https://raw.githubusercontent.com/sunfing/iNg/main/Icons/AirportIcons/Dler.png"},
    {"name": "Dler1", "url": "https://raw.githubusercontent.com/sunfing/iNg/main/Icons/AirportIcons/Dler1.png"},
    {"name": "EF2", "url": "https://raw.githubusercontent.com/sunfing/iNg/main/Icons/AirportIcons/EF2.png"},
    {"name": "EFCloud", "url": "https://raw.githubusercontent.com/sunfing/iNg/main/Icons/AirportIcons/EFCloud.png"},
    {"name": "FacMata", "url": "https://raw.githubusercontent.com/sunfing/iNg/main/Icons/AirportIcons/FacMata.png"},
    {"name": "FacMata1", "url": "https://raw.githubusercontent.com/sunfing/iNg/main/Icons/AirportIcons/FacMata1.png"},
    {"name": "FacRecMata", "url": "https://raw.githubusercontent.com/sunfing/iNg/main/Icons/AirportIcons/FacRecMata.png"},
    {"name": "Fancy", "url": "https://raw.githubusercontent.com/sunfing/iNg/main/Icons/AirportIcons/Fancy.png"},
    {"name": "Fancy1", "url": "https://raw.githubusercontent.com/sunfing/iNg/main/Icons/AirportIcons/Fancy1.png"},
    {"name": "FeiTu", "url": "https://raw.githubusercontent.com/sunfing/iNg/main/Icons/AirportIcons/FeiTu.png"},
    {"name": "FlowerCloud", "url": "https://raw.githubusercontent.com/sunfing/iNg/main/Icons/AirportIcons/FlowerCloud.png"},
    {"name": "GJJCloud", "url": "https://raw.githubusercontent.com/sunfing/iNg/main/Icons/AirportIcons/GJJCloud.png"},
    {"name": "GJJCloud1", "url": "https://raw.githubusercontent.com/sunfing/iNg/main/Icons/AirportIcons/GJJCloud1.png"},
    {"name": "GJJCloud3", "url": "https://raw.githubusercontent.com/sunfing/iNg/main/Icons/AirportIcons/GJJCloud3.png"},
    {"name": "GanBei", "url": "https://raw.githubusercontent.com/sunfing/iNg/main/Icons/AirportIcons/GanBei.png"},
    {"name": "Halo1", "url": "https://raw.githubusercontent.com/sunfing/iNg/main/Icons/AirportIcons/Halo1.png"},
    {"name": "HongXing", "url": "https://raw.githubusercontent.com/sunfing/iNg/main/Icons/AirportIcons/HongXing.png"},
    {"name": "ImmTelecom", "url": "https://raw.githubusercontent.com/sunfing/iNg/main/Icons/AirportIcons/ImmTelecom.png"},
    {"name": "K", "url": "https://raw.githubusercontent.com/sunfing/iNg/main/Icons/AirportIcons/K.png"},
    {"name": "Kuromis", "url": "https://raw.githubusercontent.com/sunfing/iNg/main/Icons/AirportIcons/Kuromis.png"},
    {"name": "LiWell", "url": "https://raw.githubusercontent.com/sunfing/iNg/main/Icons/AirportIcons/LiWell.png"},
    {"name": "LinkCube1", "url": "https://raw.githubusercontent.com/sunfing/iNg/main/Icons/AirportIcons/LinkCube1.png"},
    {"name": "Linkeless", "url": "https://raw.githubusercontent.com/sunfing/iNg/main/Icons/AirportIcons/Linkeless.png"},
    {"name": "MESL", "url": "https://raw.githubusercontent.com/sunfing/iNg/main/Icons/AirportIcons/MESL.png"},
    {"name": "MLY", "url": "https://raw.githubusercontent.com/sunfing/iNg/main/Icons/AirportIcons/MLY.png"},
    {"name": "Maple", "url": "https://raw.githubusercontent.com/sunfing/iNg/main/Icons/AirportIcons/Maple.png"},
    {"name": "MoJie", "url": "https://raw.githubusercontent.com/sunfing/iNg/main/Icons/AirportIcons/MoJie.png"},
    {"name": "NUTBIT", "url": "https://raw.githubusercontent.com/sunfing/iNg/main/Icons/AirportIcons/NUTBIT.png"},
    {"name": "NaiU", "url": "https://raw.githubusercontent.com/sunfing/iNg/main/Icons/AirportIcons/NaiU.png"},
    {"name": "NaiU1", "url": "https://raw.githubusercontent.com/sunfing/iNg/main/Icons/AirportIcons/NaiU1.png"},
    {"name": "NetLove1", "url": "https://raw.githubusercontent.com/sunfing/iNg/main/Icons/AirportIcons/NetLove1.png"},
    {"name": "Nexitally", "url": "https://raw.githubusercontent.com/sunfing/iNg/main/Icons/AirportIcons/Nexitally.png"},
    {"name": "NiceDuck", "url": "https://raw.githubusercontent.com/sunfing/iNg/main/Icons/AirportIcons/NiceDuck.png"},
    {"name": "NiceDuck1", "url": "https://raw.githubusercontent.com/sunfing/iNg/main/Icons/AirportIcons/NiceDuck1.png"},
    {"name": "NiceDuck2", "url": "https://raw.githubusercontent.com/sunfing/iNg/main/Icons/AirportIcons/NiceDuck2.png"},
    {"name": "OUO", "url": "https://raw.githubusercontent.com/sunfing/iNg/main/Icons/AirportIcons/OUO.png"},
    {"name": "Paoluz", "url": "https://raw.githubusercontent.com/sunfing/iNg/main/Icons/AirportIcons/Paoluz.png"},
    {"name": "QingFeng", "url": "https://raw.githubusercontent.com/sunfing/iNg/main/Icons/AirportIcons/QingFeng.png"},
    {"name": "SDKDNS", "url": "https://raw.githubusercontent.com/sunfing/iNg/main/Icons/AirportIcons/SDKDNS.png"},
    {"name": "SYN", "url": "https://raw.githubusercontent.com/sunfing/iNg/main/Icons/AirportIcons/SYN.png"},
    {"name": "ShouHou", "url": "https://raw.githubusercontent.com/sunfing/iNg/main/Icons/AirportIcons/ShouHou.png"},
    {"name": "ShouHou1", "url": "https://raw.githubusercontent.com/sunfing/iNg/main/Icons/AirportIcons/ShouHou1.png"},
    {"name": "ShouHou2", "url": "https://raw.githubusercontent.com/sunfing/iNg/main/Icons/AirportIcons/ShouHou2.png"},
    {"name": "ShuTiao", "url": "https://raw.githubusercontent.com/sunfing/iNg/main/Icons/AirportIcons/ShuTiao.png"},
    {"name": "SiFangCai", "url": "https://raw.githubusercontent.com/sunfing/iNg/main/Icons/AirportIcons/SiFangCai.png"},
    {"name": "SpeedCat", "url": "https://raw.githubusercontent.com/sunfing/iNg/main/Icons/AirportIcons/SpeedCat.png"},
    {"name": "SpeedCat1", "url": "https://raw.githubusercontent.com/sunfing/iNg/main/Icons/AirportIcons/SpeedCat1.png"},
    {"name": "SuWa", "url": "https://raw.githubusercontent.com/sunfing/iNg/main/Icons/AirportIcons/SuWa.png"},
    {"name": "TAG", "url": "https://raw.githubusercontent.com/sunfing/iNg/main/Icons/AirportIcons/TAG.png"},
    {"name": "TKV", "url": "https://raw.githubusercontent.com/sunfing/iNg/main/Icons/AirportIcons/TKV.png"},
    {"name": "TKV1", "url": "https://raw.githubusercontent.com/sunfing/iNg/main/Icons/AirportIcons/TKV1.png"},
    {"name": "TKVJASAI", "url": "https://raw.githubusercontent.com/sunfing/iNg/main/Icons/AirportIcons/TKVJASAI.png"},
    {"name": "Taffy", "url": "https://raw.githubusercontent.com/sunfing/iNg/main/Icons/AirportIcons/Taffy.png"},
    {"name": "Texon", "url": "https://raw.githubusercontent.com/sunfing/iNg/main/Icons/AirportIcons/Texon.png"},
    {"name": "Texon1", "url": "https://raw.githubusercontent.com/sunfing/iNg/main/Icons/AirportIcons/Texon1.png"},
    {"name": "WestData", "url": "https://raw.githubusercontent.com/sunfing/iNg/main/Icons/AirportIcons/WestData.png"},
    {"name": "WestData1", "url": "https://raw.githubusercontent.com/sunfing/iNg/main/Icons/AirportIcons/WestData1.png"},
    {"name": "WestWorld", "url": "https://raw.githubusercontent.com/sunfing/iNg/main/Icons/AirportIcons/WestWorld.png"},
    {"name": "WestWorld1", "url": "https://raw.githubusercontent.com/sunfing/iNg/main/Icons/AirportIcons/WestWorld1.png"},
    {"name": "XFSS", "url": "https://raw.githubusercontent.com/sunfing/iNg/main/Icons/AirportIcons/XFSS.png"},
    {"name": "XianYu", "url": "https://raw.githubusercontent.com/sunfing/iNg/main/Icons/AirportIcons/XianYu.png"},
    {"name": "XinCha", "url": "https://raw.githubusercontent.com/sunfing/iNg/main/Icons/AirportIcons/XinCha.png"},
    {"name": "XinCha1", "url": "https://raw.githubusercontent.com/sunfing/iNg/main/Icons/AirportIcons/XinCha1.png"},
    {"name": "YiFen", "url": "https://raw.githubusercontent.com/sunfing/iNg/main/Icons/AirportIcons/YiFen.png"},
    {"name": "YiYuan", "url": "https://raw.githubusercontent.com/sunfing/iNg/main/Icons/AirportIcons/YiYuan.png"},
    {"name": "YkkCloud", "url": "https://raw.githubusercontent.com/sunfing/iNg/main/Icons/AirportIcons/YkkCloud.png"},
    {"name": "Ytoo", "url": "https://raw.githubusercontent.com/sunfing/iNg/main/Icons/AirportIcons/Ytoo.png"},
    {"name": "Ytoo1", "url": "https://raw.githubusercontent.com/sunfing/iNg/main/Icons/AirportIcons/Ytoo1.png"},
    {"name": "YuShe", "url": "https://raw.githubusercontent.com/sunfing/iNg/main/Icons/AirportIcons/YuShe.png"},
    {"name": "YuShe1", "url": "https://raw.githubusercontent.com/sunfing/iNg/main/Icons/AirportIcons/YuShe1.png"},
    {"name": "Yukihasu", "url": "https://raw.githubusercontent.com/sunfing/iNg/main/Icons/AirportIcons/Yukihasu.png"},
    {"name": "YunTong", "url": "https://raw.githubusercontent.com/sunfing/iNg/main/Icons/AirportIcons/YunTong.png"},
    {"name": "Z804", "url": "https://raw.githubusercontent.com/sunfing/iNg/main/Icons/AirportIcons/Z804.png"}
  ]
}
