{
  "name": "General Icon",
  "description": "订阅频道：https://t.me/ing_chl",
  "icons": [
    {"name": "AIGC", "url": "https://raw.githubusercontent.com/sunfing/iNg/main/Icons/GeneralIcons/AIGC.png"},
    {"name": "Airport", "url": "https://raw.githubusercontent.com/sunfing/iNg/main/Icons/GeneralIcons/Airport.png"},
    {"name": "Apple", "url": "https://raw.githubusercontent.com/sunfing/iNg/main/Icons/GeneralIcons/Apple.png"},
    {"name": "AppleIntelligence", "url": "https://raw.githubusercontent.com/sunfing/iNg/main/Icons/GeneralIcons/AppleIntelligence.png"},
    {"name": "AppleMusic", "url": "https://raw.githubusercontent.com/sunfing/iNg/main/Icons/GeneralIcons/AppleMusic.png"},
    {"name": "AppleNews", "url": "https://raw.githubusercontent.com/sunfing/iNg/main/Icons/GeneralIcons/AppleNews.png"},
    {"name": "AppleTV", "url": "https://raw.githubusercontent.com/sunfing/iNg/main/Icons/GeneralIcons/AppleTV.png"},
    {"name": "Available", "url": "https://raw.githubusercontent.com/sunfing/iNg/main/Icons/GeneralIcons/Available.png"},
    {"name": "Bilibili", "url": "https://raw.githubusercontent.com/sunfing/iNg/main/Icons/GeneralIcons/Bilibili.png"},
    {"name": "Bing", "url": "https://raw.githubusercontent.com/sunfing/iNg/main/Icons/GeneralIcons/Bing.png"},
    {"name": "CD", "url": "https://raw.githubusercontent.com/sunfing/iNg/main/Icons/GeneralIcons/CD.png"},
    {"name": "CD1", "url": "https://raw.githubusercontent.com/sunfing/iNg/main/Icons/GeneralIcons/CD1.png"},
    {"name": "Clapper", "url": "https://raw.githubusercontent.com/sunfing/iNg/main/Icons/GeneralIcons/Clapper.png"},
    {"name": "Clash", "url": "https://raw.githubusercontent.com/sunfing/iNg/main/Icons/GeneralIcons/Clash.png"},
    {"name": "ClashMeta", "url": "https://raw.githubusercontent.com/sunfing/iNg/main/Icons/GeneralIcons/ClashMeta.png"},
    {"name": "ClaudeAI", "url": "https://raw.githubusercontent.com/sunfing/iNg/main/Icons/GeneralIcons/ClaudeAI.png"},
    {"name": "Cloudflare", "url": "https://raw.githubusercontent.com/sunfing/iNg/main/Icons/GeneralIcons/Cloudflare.png"},
    {"name": "Cold", "url": "https://raw.githubusercontent.com/sunfing/iNg/main/Icons/GeneralIcons/Cold.png"},
    {"name": "Copilot", "url": "https://raw.githubusercontent.com/sunfing/iNg/main/Icons/GeneralIcons/Copilot.png"},
    {"name": "Direct", "url": "https://raw.githubusercontent.com/sunfing/iNg/main/Icons/GeneralIcons/Direct.png"},
    {"name": "Discord", "url": "https://raw.githubusercontent.com/sunfing/iNg/main/Icons/GeneralIcons/Discord.png"},
    {"name": "Disney+", "url": "https://raw.githubusercontent.com/sunfing/iNg/main/Icons/GeneralIcons/Disney+.png"},
    {"name": "Disney", "url": "https://raw.githubusercontent.com/sunfing/iNg/main/Icons/GeneralIcons/Disney.png"},
    {"name": "Emby", "url": "https://raw.githubusercontent.com/sunfing/iNg/main/Icons/GeneralIcons/Emby.png"},
    {"name": "Facebook", "url": "https://raw.githubusercontent.com/sunfing/iNg/main/Icons/GeneralIcons/Facebook.png"},
    {"name": "Fam", "url": "https://raw.githubusercontent.com/sunfing/iNg/main/Icons/GeneralIcons/Fam.png"},
    {"name": "Final", "url": "https://raw.githubusercontent.com/sunfing/iNg/main/Icons/GeneralIcons/Final.png"},
    {"name": "Game", "url": "https://raw.githubusercontent.com/sunfing/iNg/main/Icons/GeneralIcons/Game.png"},
    {"name": "Gemini", "url": "https://raw.githubusercontent.com/sunfing/iNg/main/Icons/GeneralIcons/Gemini.png"},
    {"name": "GitHub", "url": "https://raw.githubusercontent.com/sunfing/iNg/main/Icons/GeneralIcons/GitHub.png"},
    {"name": "GitHub1", "url": "https://raw.githubusercontent.com/sunfing/iNg/main/Icons/GeneralIcons/GitHub1.png"},
    {"name": "Google", "url": "https://raw.githubusercontent.com/sunfing/iNg/main/Icons/GeneralIcons/Google.png"},
    {"name": "GoogleDrive", "url": "https://raw.githubusercontent.com/sunfing/iNg/main/Icons/GeneralIcons/GoogleDrive.png"},
    {"name": "GoogleVoice", "url": "https://raw.githubusercontent.com/sunfing/iNg/main/Icons/GeneralIcons/GoogleVoice.png"},
    {"name": "HBO", "url": "https://raw.githubusercontent.com/sunfing/iNg/main/Icons/GeneralIcons/HBO.png"},
    {"name": "Heart", "url": "https://raw.githubusercontent.com/sunfing/iNg/main/Icons/GeneralIcons/Heart.png"},
    {"name": "Hot", "url": "https://raw.githubusercontent.com/sunfing/iNg/main/Icons/GeneralIcons/Hot.png"},
    {"name": "Instagram", "url": "https://raw.githubusercontent.com/sunfing/iNg/main/Icons/GeneralIcons/Instagram.png"},
    {"name": "Microsoft", "url": "https://raw.githubusercontent.com/sunfing/iNg/main/Icons/GeneralIcons/Microsoft.png"},
    {"name": "Netflix", "url": "https://raw.githubusercontent.com/sunfing/iNg/main/Icons/GeneralIcons/Netflix.png"},
    {"name": "News", "url": "https://raw.githubusercontent.com/sunfing/iNg/main/Icons/GeneralIcons/News.png"},
    {"name": "Notion", "url": "https://raw.githubusercontent.com/sunfing/iNg/main/Icons/GeneralIcons/Notion.png"},
    {"name": "OneDrive", "url": "https://raw.githubusercontent.com/sunfing/iNg/main/Icons/GeneralIcons/OneDrive.png"},
    {"name": "OpenAI", "url": "https://raw.githubusercontent.com/sunfing/iNg/main/Icons/GeneralIcons/OpenAI.png"},
    {"name": "OpenAI1", "url": "https://raw.githubusercontent.com/sunfing/iNg/main/Icons/GeneralIcons/OpenAI1.png"},
    {"name": "PayPal", "url": "https://raw.githubusercontent.com/sunfing/iNg/main/Icons/GeneralIcons/PayPal.png"},
    {"name": "PrimeVideo", "url": "https://raw.githubusercontent.com/sunfing/iNg/main/Icons/GeneralIcons/PrimeVideo.png"},
    {"name": "Reject", "url": "https://raw.githubusercontent.com/sunfing/iNg/main/Icons/GeneralIcons/Reject.png"},
    {"name": "Speaker", "url": "https://raw.githubusercontent.com/sunfing/iNg/main/Icons/GeneralIcons/Speaker.png"},
    {"name": "Speedtest", "url": "https://raw.githubusercontent.com/sunfing/iNg/main/Icons/GeneralIcons/Speedtest.png"},
    {"name": "Spotify", "url": "https://raw.githubusercontent.com/sunfing/iNg/main/Icons/GeneralIcons/Spotify.png"},
    {"name": "Surge", "url": "https://raw.githubusercontent.com/sunfing/iNg/main/Icons/GeneralIcons/Surge.png"},
    {"name": "Surge1", "url": "https://raw.githubusercontent.com/sunfing/iNg/main/Icons/GeneralIcons/Surge1.png"},
    {"name": "Telegram", "url": "https://raw.githubusercontent.com/sunfing/iNg/main/Icons/GeneralIcons/Telegram.png"},
    {"name": "TikTok", "url": "https://raw.githubusercontent.com/sunfing/iNg/main/Icons/GeneralIcons/TikTok.png"},
    {"name": "Twitch", "url": "https://raw.githubusercontent.com/sunfing/iNg/main/Icons/GeneralIcons/Twitch.png"},
    {"name": "Twitter", "url": "https://raw.githubusercontent.com/sunfing/iNg/main/Icons/GeneralIcons/Twitter.png"},
    {"name": "Twitter1", "url": "https://raw.githubusercontent.com/sunfing/iNg/main/Icons/GeneralIcons/Twitter1.png"},
    {"name": "WhatsApp", "url": "https://raw.githubusercontent.com/sunfing/iNg/main/Icons/GeneralIcons/WhatsApp.png"},
    {"name": "YouTube", "url": "https://raw.githubusercontent.com/sunfing/iNg/main/Icons/GeneralIcons/YouTube.png"},
    {"name": "YouTubeMusic", "url": "https://raw.githubusercontent.com/sunfing/iNg/main/Icons/GeneralIcons/YouTubeMusic.png"},
    {"name": "iCloud", "url": "https://raw.githubusercontent.com/sunfing/iNg/main/Icons/GeneralIcons/iCloud.png"}
  ]
}
